title,topic
"Bank of Baroda: What should investors do after Q1: buy, sell or hold?",BUSINESS
"The rise and fall of Lord & Taylor, one of the country's oldest stores",BUSINESS
1.8 Million Jobs Added In July As U.S. Economy’s Pandemic Recovery Falters,BUSINESS
Hartalega achieves record quarterly profit of RM219.7 million,BUSINESS
"In a sign of digital health’s rise, Livongo and Teladoc Health agree to $18.5 billion merger",BUSINESS
Who was Joe Lyons? Roman Kemp’s Global friend and radio producer,ENTERTAINMENT
"’Knock out’: Will Smith’s teeth take beating from Jason Derulo’s golf swing in viral TikTok video, but all not",ENTERTAINMENT
Robin Williams' daughter Zelda marks the anniversary of his death by stepping back from social media,ENTERTAINMENT
Mickie James returns tonight on Raw,ENTERTAINMENT
2AM's Im Seulong Involved In Car Accident That Killed Jaywalker,ENTERTAINMENT
Telemedicine beyond COVID-19 Pandemic,HEALTH
"Experience of dealing with the Covid-19 crisis will speed up systemic reforms in healthcare, says HSE chief | Business Post",HEALTH
Healthcare workers poorly protected against COVID-19: UOW expert,HEALTH
Outbreak reported in Low German community as COVID cases rise,HEALTH
Calls for government to intervene at Covid-hit hospitals trust,HEALTH
"Pedestrian code of conduct: Guidelines not intended to police how people walk, says Baey Yam Keng",NATION
"IPCA says police officer who kicked, punched a man while arresting him should have been charged",NATION
Man found with unconscious woman now charged in her homicide: IHIT,NATION
Teen who shared photo of packed high school hallway says she's receiving threats,NATION
3 security force personnel killed in terror attack in Baramulla,NATION
The Evolution of Colourful Feathers Shines Light on the Missing Link in Evolution by Natural Selection,SCIENCE
Laser beams reflected between earth and moon boost science,SCIENCE
DNA Study Reveals We Have a Mystery Human Ancestor,SCIENCE
"200,000 years ago, humans were making beds for themselves",SCIENCE
"Increasing Covid cases not a second wave, head of the HSE says",SCIENCE
Braves Place Ronald Acuña Jr. On 10-Day IL,SPORTS
Damian Lillard had the best response to the Clippers taunting his missed free throws,SPORTS
"Mariners sow, reap",SPORTS
Celtic target Aaron Hickey to visit Bayern Munich after recent Bologna trip,SPORTS
Report: Benjamin Pavard could be ready for Bayern’s Champions League semi-final vs. Lyon,SPORTS
Redmi 9 Prime launched in India; here’s everything you need to know,TECHNOLOGY
Final Fantasy VII Remake Reaches 5 Million Sold Copies,TECHNOLOGY
2 different EMUI updates for Huawei Mate 40 series,TECHNOLOGY
Twitter users can ban others from replying with new feature,TECHNOLOGY
Get to know First Page Digital Singapore,TECHNOLOGY
France on UK quarantine list: Half a million Brit holidaymakers in desperate dash to get home as holidays,WORLD
Trump Signs Order Against Hiring H-1B Visa Holders For Federal Contracts,WORLD
How people are reacting to Kamala Harris's VP nod,WORLD
"Hong Kong: Arrest of Jimmy Lai condemned, 'bears out worst fears about new law'",WORLD
Latest Foreign Office advice on which countries are 'safe' to visit,WORLD
